-- Carousels / Shortcuts / Sections / Selections / Selection-Products

-- home_carousels (10)
INSERT INTO home_carousels (id, image_url, alt_text, display_order)
VALUES
    (1, 'home/carousel_01.png', 'SUMMER SIGNAL', 1),
    (2, 'home/carousel_02.jpg', '수요입점회', 2),
    (3, 'home/carousel_03.jpg', 'NIKE', 3),
    (4, 'home/carousel_04.jpg', 'RONRON', 4),
    (5, 'home/carousel_05.jpg', 'EASTLOGUE PERMANENT×MAZIUNTITLED', 5),
    (6, 'home/carousel_06.jpg', 'FINCA', 6),
    (7, 'home/carousel_07.jpg', 'KEEN', 7),
    (8, 'home/carousel_08.jpg', 'AERSE', 8),
    (9, 'home/carousel_09.png', '714CENTER', 9),
    (10, 'home/carousel_10.png', 'SNOWPEAK APPAREL', 10);

-- home_shortcuts (12)
INSERT INTO home_shortcuts (id, category_id, name, image_url, display_order)
VALUES
    (1, 3, 'BEST', 'home/best.png', 1),
    (2, 1, 'WOMEN', 'home/best.png', 2),
    (3, 2, 'MEN', 'home/men.png', 3),
    (4, 4, 'INTERIOR', 'home/best.png', 4),
    (5, 5, 'KITCHEN', 'home/kitchen.png', 5),
    (6, 6, 'ELECTRONICS', 'home/electronics.png', 6),
    (7, 7, 'DIGITAL', 'home/digital.png', 7),
    (8, 8, 'BEAUTY', 'home/beauty.png', 8),
    (9, 9, 'FOOD', 'home/food.png', 9),
    (10, 10, 'LEISURE', 'home/leisure.png', 10),
    (11, 11, 'KID', 'home/kids.png', 11),
    (12, 12, 'CULTURE', 'home/culture.png', 12);

-- home_sections (14)
INSERT INTO home_sections (id, title, description, hero_image_url, display_order)
VALUES
    (1, '문화적 영감의 파편', '절제된 그래픽에 담아낸 사파리스팟과 1011 갤러리의 독창적 아카이브를 소개해요.', 'home/section_01.jpg', 1),
    (2, '제현경의 추천', '셔츠, 드레스, 데님까지. 패션 인플루언서 제현경이 로우클래식의 감각적인 여름을 소개해요.', 'home/section_02.jpg', 2),
    (3, '시간이 빚어낸', '절제된 실루엣과 차분한 톤으로 완성하는 여름 컬렉션을 만나보세요.', 'home/section_03.jpg', 3),
    (4, '절제된 미래', '언어펙티드와 프로그레스의 세 번째 협업 컬렉션을 소개해요.', 'home/section_04.jpg', 4),
    (5, '손끝에서 피어난', '소일베이커의 아름다운 감성으로 일상을 채워요.', 'home/section_05.jpg', 5),
    (6, '나폴리의 산들바람', '스치는 바람처럼 여유로운 여름을 담은 지노키오의 여름 컬렉션을 같이 구경해요.', 'home/section_06.jpg', 6),
    (7, '여름을 신어요', '버켄스탁의 새로운 실루엣과 함께 여름 스타일을 완성해요.', 'home/section_07.jpg', 7),
    (8, '쿨링 시스템', '아이즈매거진의 시선으로 기록한 비브비브를 만나보세요.', 'home/section_08.jpg', 8),
    (9, '도시와 산을 잇는', '일상과 산행을 아우르는 아웃도어 상품을 특별 혜택으로 소개해요.', 'home/section_09.jpg', 9),
    (10, '시간을 입는 방법', '기본에 충실한 브론슨을 만나요.', 'home/section_10.jpg', 10),
    (11, '선물하기 좋은 시간', 'Apple Watch를 특별 혜택으로 만나요.', 'home/section_11.jpg', 11),
    (12, '특별한 관리', '오하입으로 특별한 헤어 관리를 시작하세요. 특별 혜택과 함께.', 'home/section_12.jpg', 12),
    (13, '특별한 기회', '29'' 머들 퍼퓸 14ml 출시 기념 단독 혜택을 만나보세요.', 'home/section_13.jpg', 13),
    (14, '견고함을 담은', '레드윙의 인기 부츠 컬렉션을 소개해요.', 'home/section_14.jpg', 14);

-- home_selections (56)
INSERT INTO home_selections (id, home_section_id, image_url, title, description, display_order)
VALUES
    (1, 1, 'home/section_01.jpg', '문화적 영감의 파편', '절제된 그래픽에 담아낸 사파리스팟과 1011 갤러리의 독창적 아카이브를 소개해요.', 1),
    (2, 1, 'home/section_01.jpg', '문화적 영감의 파편 상품 조합', '절제된 그래픽에 담아낸 사파리스팟과 1011 갤러리의 독창적 아카이브를 소개해요.', 2),
    (3, 1, 'home/section_01.jpg', '문화적 영감의 파편 핵심 아이템', '절제된 그래픽에 담아낸 사파리스팟과 1011 갤러리의 독창적 아카이브를 소개해요.', 3),
    (4, 1, 'home/section_01.jpg', '문화적 영감의 파편 추가 셀렉션', '절제된 그래픽에 담아낸 사파리스팟과 1011 갤러리의 독창적 아카이브를 소개해요.', 4),
    (5, 2, 'home/section_02.jpg', '제현경의 추천', '셔츠, 드레스, 데님까지. 패션 인플루언서 제현경이 로우클래식의 감각적인 여름을 소개해요.', 1),
    (6, 2, 'home/section_02.jpg', '제현경의 추천 상품 조합', '셔츠, 드레스, 데님까지. 패션 인플루언서 제현경이 로우클래식의 감각적인 여름을 소개해요.', 2),
    (7, 2, 'home/section_02.jpg', '제현경의 추천 핵심 아이템', '셔츠, 드레스, 데님까지. 패션 인플루언서 제현경이 로우클래식의 감각적인 여름을 소개해요.', 3),
    (8, 2, 'home/section_02.jpg', '제현경의 추천 추가 셀렉션', '셔츠, 드레스, 데님까지. 패션 인플루언서 제현경이 로우클래식의 감각적인 여름을 소개해요.', 4),
    (9, 3, 'home/section_03.jpg', '시간이 빚어낸', '절제된 실루엣과 차분한 톤으로 완성하는 여름 컬렉션을 만나보세요.', 1),
    (10, 3, 'home/section_03.jpg', '시간이 빚어낸 상품 조합', '절제된 실루엣과 차분한 톤으로 완성하는 여름 컬렉션을 만나보세요.', 2),
    (11, 3, 'home/section_03.jpg', '시간이 빚어낸 핵심 아이템', '절제된 실루엣과 차분한 톤으로 완성하는 여름 컬렉션을 만나보세요.', 3),
    (12, 3, 'home/section_03.jpg', '시간이 빚어낸 추가 셀렉션', '절제된 실루엣과 차분한 톤으로 완성하는 여름 컬렉션을 만나보세요.', 4),
    (13, 4, 'home/section_04.jpg', '절제된 미래', '언어펙티드와 프로그레스의 세 번째 협업 컬렉션을 소개해요.', 1),
    (14, 4, 'home/section_04.jpg', '절제된 미래 상품 조합', '언어펙티드와 프로그레스의 세 번째 협업 컬렉션을 소개해요.', 2),
    (15, 4, 'home/section_04.jpg', '절제된 미래 핵심 아이템', '언어펙티드와 프로그레스의 세 번째 협업 컬렉션을 소개해요.', 3),
    (16, 4, 'home/section_04.jpg', '절제된 미래 추가 셀렉션', '언어펙티드와 프로그레스의 세 번째 협업 컬렉션을 소개해요.', 4),
    (17, 5, 'home/section_05.jpg', '손끝에서 피어난', '소일베이커의 아름다운 감성으로 일상을 채워요.', 1),
    (18, 5, 'home/section_05.jpg', '손끝에서 피어난 상품 조합', '소일베이커의 아름다운 감성으로 일상을 채워요.', 2),
    (19, 5, 'home/section_05.jpg', '손끝에서 피어난 핵심 아이템', '소일베이커의 아름다운 감성으로 일상을 채워요.', 3),
    (20, 5, 'home/section_05.jpg', '손끝에서 피어난 추가 셀렉션', '소일베이커의 아름다운 감성으로 일상을 채워요.', 4),
    (21, 6, 'home/section_06.jpg', '나폴리의 산들바람', '스치는 바람처럼 여유로운 여름을 담은 지노키오의 여름 컬렉션을 같이 구경해요.', 1),
    (22, 6, 'home/section_06.jpg', '나폴리의 산들바람 상품 조합', '스치는 바람처럼 여유로운 여름을 담은 지노키오의 여름 컬렉션을 같이 구경해요.', 2),
    (23, 6, 'home/section_06.jpg', '나폴리의 산들바람 핵심 아이템', '스치는 바람처럼 여유로운 여름을 담은 지노키오의 여름 컬렉션을 같이 구경해요.', 3),
    (24, 6, 'home/section_06.jpg', '나폴리의 산들바람 추가 셀렉션', '스치는 바람처럼 여유로운 여름을 담은 지노키오의 여름 컬렉션을 같이 구경해요.', 4),
    (25, 7, 'home/section_07.jpg', '여름을 신어요', '버켄스탁의 새로운 실루엣과 함께 여름 스타일을 완성해요.', 1),
    (26, 7, 'home/section_07.jpg', '여름을 신어요 상품 조합', '버켄스탁의 새로운 실루엣과 함께 여름 스타일을 완성해요.', 2),
    (27, 7, 'home/section_07.jpg', '여름을 신어요 핵심 아이템', '버켄스탁의 새로운 실루엣과 함께 여름 스타일을 완성해요.', 3),
    (28, 7, 'home/section_07.jpg', '여름을 신어요 추가 셀렉션', '버켄스탁의 새로운 실루엣과 함께 여름 스타일을 완성해요.', 4),
    (29, 8, 'home/section_08.jpg', '쿨링 시스템', '아이즈매거진의 시선으로 기록한 비브비브를 만나보세요.', 1),
    (30, 8, 'home/section_08.jpg', '쿨링 시스템 상품 조합', '아이즈매거진의 시선으로 기록한 비브비브를 만나보세요.', 2),
    (31, 8, 'home/section_08.jpg', '쿨링 시스템 핵심 아이템', '아이즈매거진의 시선으로 기록한 비브비브를 만나보세요.', 3),
    (32, 8, 'home/section_08.jpg', '쿨링 시스템 추가 셀렉션', '아이즈매거진의 시선으로 기록한 비브비브를 만나보세요.', 4),
    (33, 9, 'home/section_09.jpg', '도시와 산을 잇는', '일상과 산행을 아우르는 아웃도어 상품을 특별 혜택으로 소개해요.', 1),
    (34, 9, 'home/section_09.jpg', '도시와 산을 잇는 상품 조합', '일상과 산행을 아우르는 아웃도어 상품을 특별 혜택으로 소개해요.', 2),
    (35, 9, 'home/section_09.jpg', '도시와 산을 잇는 핵심 아이템', '일상과 산행을 아우르는 아웃도어 상품을 특별 혜택으로 소개해요.', 3),
    (36, 9, 'home/section_09.jpg', '도시와 산을 잇는 추가 셀렉션', '일상과 산행을 아우르는 아웃도어 상품을 특별 혜택으로 소개해요.', 4),
    (37, 10, 'home/section_10.jpg', '시간을 입는 방법', '기본에 충실한 브론슨을 만나요.', 1),
    (38, 10, 'home/section_10.jpg', '시간을 입는 방법 상품 조합', '기본에 충실한 브론슨을 만나요.', 2),
    (39, 10, 'home/section_10.jpg', '시간을 입는 방법 핵심 아이템', '기본에 충실한 브론슨을 만나요.', 3),
    (40, 10, 'home/section_10.jpg', '시간을 입는 방법 추가 셀렉션', '기본에 충실한 브론슨을 만나요.', 4),
    (41, 11, 'home/section_11.jpg', '선물하기 좋은 시간', 'Apple Watch를 특별 혜택으로 만나요.', 1),
    (42, 11, 'home/section_11.jpg', '선물하기 좋은 시간 상품 조합', 'Apple Watch를 특별 혜택으로 만나요.', 2),
    (43, 11, 'home/section_11.jpg', '선물하기 좋은 시간 핵심 아이템', 'Apple Watch를 특별 혜택으로 만나요.', 3),
    (44, 11, 'home/section_11.jpg', '선물하기 좋은 시간 추가 셀렉션', 'Apple Watch를 특별 혜택으로 만나요.', 4),
    (45, 12, 'home/section_12.jpg', '특별한 관리', '오하입으로 특별한 헤어 관리를 시작하세요. 특별 혜택과 함께.', 1),
    (46, 12, 'home/section_12.jpg', '특별한 관리 상품 조합', '오하입으로 특별한 헤어 관리를 시작하세요. 특별 혜택과 함께.', 2),
    (47, 12, 'home/section_12.jpg', '특별한 관리 핵심 아이템', '오하입으로 특별한 헤어 관리를 시작하세요. 특별 혜택과 함께.', 3),
    (48, 12, 'home/section_12.jpg', '특별한 관리 추가 셀렉션', '오하입으로 특별한 헤어 관리를 시작하세요. 특별 혜택과 함께.', 4),
    (49, 13, 'home/section_13.jpg', '특별한 기회', '29'' 머들 퍼퓸 14ml 출시 기념 단독 혜택을 만나보세요.', 1),
    (50, 13, 'home/section_13.jpg', '특별한 기회 상품 조합', '29'' 머들 퍼퓸 14ml 출시 기념 단독 혜택을 만나보세요.', 2),
    (51, 13, 'home/section_13.jpg', '특별한 기회 핵심 아이템', '29'' 머들 퍼퓸 14ml 출시 기념 단독 혜택을 만나보세요.', 3),
    (52, 13, 'home/section_13.jpg', '특별한 기회 추가 셀렉션', '29'' 머들 퍼퓸 14ml 출시 기념 단독 혜택을 만나보세요.', 4),
    (53, 14, 'home/section_14.jpg', '견고함을 담은', '레드윙의 인기 부츠 컬렉션을 소개해요.', 1),
    (54, 14, 'home/section_14.jpg', '견고함을 담은 상품 조합', '레드윙의 인기 부츠 컬렉션을 소개해요.', 2),
    (55, 14, 'home/section_14.jpg', '견고함을 담은 핵심 아이템', '레드윙의 인기 부츠 컬렉션을 소개해요.', 3),
    (56, 14, 'home/section_14.jpg', '견고함을 담은 추가 셀렉션', '레드윙의 인기 부츠 컬렉션을 소개해요.', 4);

-- selection_products (112)
INSERT INTO selection_products (id, home_selection_id, product_id, display_order)
VALUES
    (1, 1, 3976683, 1),
    (2, 1, 3976694, 2),
    (3, 2, 3976694, 1),
    (4, 2, 3976696, 2),
    (5, 3, 3976696, 1),
    (6, 3, 3976683, 2),
    (7, 4, 3976683, 1),
    (8, 4, 3976696, 2),
    (9, 5, 3880226, 1),
    (10, 5, 3880394, 2),
    (11, 6, 3880394, 1),
    (12, 6, 3880579, 2),
    (13, 7, 3880579, 1),
    (14, 7, 3880226, 2),
    (15, 8, 3880226, 1),
    (16, 8, 3880579, 2),
    (17, 9, 3956948, 1),
    (18, 9, 3956953, 2),
    (19, 10, 3956953, 1),
    (20, 10, 3956954, 2),
    (21, 11, 3956954, 1),
    (22, 11, 3956948, 2),
    (23, 12, 3956948, 1),
    (24, 12, 3956954, 2),
    (25, 13, 2095859, 1),
    (26, 13, 3271567, 2),
    (27, 14, 2095859, 1),
    (28, 14, 3271567, 2),
    (29, 15, 2095859, 1),
    (30, 15, 3271567, 2),
    (31, 16, 2095859, 1),
    (32, 16, 3271567, 2),
    (33, 17, 112034, 1),
    (34, 17, 1564626, 2),
    (35, 18, 1564626, 1),
    (36, 18, 3297929, 2),
    (37, 19, 3297929, 1),
    (38, 19, 112034, 2),
    (39, 20, 112034, 1),
    (40, 20, 3297929, 2),
    (41, 21, 3966478, 1),
    (42, 21, 3966598, 2),
    (43, 22, 3966598, 1),
    (44, 22, 3966619, 2),
    (45, 23, 3966619, 1),
    (46, 23, 3966478, 2),
    (47, 24, 3966478, 1),
    (48, 24, 3966619, 2),
    (49, 25, 3761535, 1),
    (50, 25, 3862039, 2),
    (51, 26, 3862039, 1),
    (52, 26, 3862040, 2),
    (53, 27, 3862040, 1),
    (54, 27, 3761535, 2),
    (55, 28, 3761535, 1),
    (56, 28, 3862040, 2),
    (57, 29, 3952501, 1),
    (58, 29, 3952566, 2),
    (59, 30, 3952566, 1),
    (60, 30, 3952568, 2),
    (61, 31, 3952568, 1),
    (62, 31, 3952501, 2),
    (63, 32, 3952501, 1),
    (64, 32, 3952568, 2),
    (65, 33, 2552622, 1),
    (66, 33, 3829060, 2),
    (67, 34, 3829060, 1),
    (68, 34, 3838425, 2),
    (69, 35, 3838425, 1),
    (70, 35, 2552622, 2),
    (71, 36, 2552622, 1),
    (72, 36, 3838425, 2),
    (73, 37, 3354267, 1),
    (74, 37, 3806772, 2),
    (75, 38, 3806772, 1),
    (76, 38, 3806779, 2),
    (77, 39, 3806779, 1),
    (78, 39, 3354267, 2),
    (79, 40, 3354267, 1),
    (80, 40, 3806779, 2),
    (81, 41, 3502745, 1),
    (82, 41, 3502747, 2),
    (83, 42, 3502747, 1),
    (84, 42, 3502795, 2),
    (85, 43, 3502795, 1),
    (86, 43, 3502745, 2),
    (87, 44, 3502745, 1),
    (88, 44, 3502795, 2),
    (89, 45, 3951435, 1),
    (90, 45, 3954903, 2),
    (91, 46, 3954903, 1),
    (92, 46, 3954968, 2),
    (93, 47, 3954968, 1),
    (94, 47, 3951435, 2),
    (95, 48, 3951435, 1),
    (96, 48, 3954968, 2),
    (97, 49, 3725257, 1),
    (98, 49, 3725258, 2),
    (99, 50, 3725258, 1),
    (100, 50, 3745924, 2),
    (101, 51, 3745924, 1),
    (102, 51, 3725257, 2),
    (103, 52, 3725257, 1),
    (104, 52, 3745924, 2),
    (105, 53, 2234834, 1),
    (106, 53, 2801901, 2),
    (107, 54, 2801901, 1),
    (108, 54, 2905764, 2),
    (109, 55, 2905764, 1),
    (110, 55, 2234834, 2),
    (111, 56, 2234834, 1),
    (112, 56, 2905764, 2);
